Datetime,Username,Text,Retweets,Replies,Likes,Quotes,Language,Location,Hashtags
09:12:30 17:04:39,PaulLarrouturou,je vous recommande le reportage radio ( #rfi) du camarade Vincent sur les réfugiés afghans &gt; http://bit.ly/7aGrnK #ifp,0,0,0,0,fr,France,"['rfi', 'ifp']"
09:12:27 16:35:59,PaulLarrouturou,"Brèves de trottoirs, deuxième épisode : Violette, la fleuriste du Vème. http://bit.ly/7DAUSY #webdocu #ifp",0,0,0,0,fr,France,"['webdocu', 'ifp']"
09:12:23 11:51:00,IFPIndia,#IFP- IFP has long believed that providing educational opportunities to talented people who use their knowledge to improve their societies,0,0,0,0,en,India,['IFP']
09:12:23 11:44:24,IFPIndia,"#IFP- Last date for applying for Fellowship has been extended to Jan 04, 2009..Please apply before Jan 04, 2009",0,0,0,0,en,India,['IFP']
09:12:23 11:43:51,IFPIndia,#IFP-  Pre-application  forms  for the fellowship program are available at http://bit.ly/1pp8Ik....,0,0,0,0,en,India,['IFP']
09:12:20 11:28:48,kidPLayboy,me and the homey @cmor3 be steady mobbin...fuck deez bitches...I swear we care bout everything but these bitches #ifp-mix,0,0,0,0,en,always beside you,['ifp']
09:12:18 16:44:54,IFPjournalisme,"Dernier entretien avant les vacances : Frédéric Filloux, fondateur de ""20 Minutes"", en mission pour l'AFP. #IFP
http://yfrog.com/1y1anmj",1,0,0,0,fr,Paris,['IFP']
09:12:18 13:50:54,PaulLarrouturou,"après Plenel ce matin, cette aprèm Frédéric Fillioux (fdateur ""20Minutes"")est à l' #ifp &gt; http://bit.ly/8QxJ39
#changementderegistre",0,0,0,0,fr,France,"['ifp', 'changementderegistre']"
09:12:18 13:12:20,IFPjournalisme,"Edwy #Plenel était ce matin à l' #IFP pour 3h palpitantes sur journalisme, politique, gratuité, sarkozysme.  
http://yfrog.com/1e5f4qj",1,0,0,0,fr,Paris,"['Plenel', 'IFP']"
09:12:18 11:20:04,mariekirschen,RT @PaulLarrouturou j'ai reçu la consigne de ne point gazouiller la venue de Plenel à l' #IFP. #cestlafauteducfj,0,0,0,0,fr,Paris,"['IFP', 'cestlafauteducfj']"
09:12:18 11:17:56,guillaumepajot,RT @PaulLarrouturou j'ai reçu la consigne de ne point gazouiller la venue de Plenel à l' #IFP. #cestlafauteducfj,0,0,0,0,fr,France/Myanmar,"['IFP', 'cestlafauteducfj']"
09:12:18 11:15:13,PaulLarrouturou,"bon, bah désolé, j'ai reçu la consigne de ne point gazouiller la venue de Plenel à l' #IFP. Dommage, il envoie du bois. #cestlafauteducfj",0,0,0,0,fr,France,"['IFP', 'cestlafauteducfj']"
09:12:18 10:39:30,IFPIndia,"#IFP- Last date for applying for Fellowship has been extended to Jan 04, 2009..Please apply before Jan 04, 2009",0,0,0,0,en,India,['IFP']
09:12:18 08:32:44,PaulLarrouturou,"Plenel ""Crise presse:partons de loin pr éviter l'effet de loupe ds nvelles déstabilisantes comme la rumeur de dépôt de bilan d NMPP"" #ifp",0,0,0,0,fr,France,['ifp']
09:12:18 08:26:38,PaulLarrouturou,Arrivée de Plenel à l' #IFP en vélo. Col roulé et veste assortis à la moustache : noirs.,0,0,0,0,fr,France,['IFP']
09:12:18 08:10:01,PaulLarrouturou,Plenel à l' #IFP ce matin. Live-tweeting imminent.,0,0,0,0,fr,France,['IFP']
09:12:17 17:07:40,PierreChaperon,Seminaire de la critique numéro 2. #Ifp,0,0,0,0,fr,,['Ifp']
09:12:16 22:39:00,fmagnenou,@PaulLarrouturou On est en soirée de Noël aussi #cfj. C'est comment chez vous ? #ifp,0,0,0,0,fr,,"['cfj', 'ifp']"
09:12:16 16:45:05,PaulLarrouturou,"cours de Flash. Notre prof, un jeune ancien de l' #IFP dit qu'à terme on saura faire comme lui[lemonde.fr] &gt; http://bit.ly/4XX1DU #yaplusqua",0,0,0,0,fr,France,"['IFP', 'yaplusqua']"
09:12:16 16:19:22,IFPjournalisme,Pour preuve de la venue de Thomas Legrand... http://www.facebook.com/reqs.php#/album.php?aid=127712&id=711141796   #IFP,1,0,0,0,fr,Paris,['IFP']
09:12:16 14:58:59,PaulLarrouturou,Tu sais ce que je vais te rép Fab': jurisprudence Huchon. Ils ont peur. ;) RT @fmagnenou ah bah...@edwyplenel à l'#ifp après ns avoir annulé,0,0,0,0,fr,France,['ifp']
09:12:16 14:08:14,fmagnenou,@PaulLarrouturou ah bah super... : @edwyplenel à l'#ifp après nous avoir annulé deux fois chez nous...,0,0,0,0,fr,,['ifp']
09:12:16 13:15:25,santa_inesita,NEUKUNDE für @Storymaker mit prominentem Gründer: Auftrag von #ifp consulting. Unsere #Pressemitteilung: http://bit.ly/6ZzsLn #Kunde,0,0,0,0,de,Germany,"['ifp', 'Pressemitteilung', 'Kunde']"
09:12:16 11:53:43,fsr_publizistik,hmmmm lecker! morgen ist es wieder soweit: glühwein und waffeln am #IfP und das für ganz #umsonst. 16 uhr geht's los! #publizistik #mainz,0,0,0,0,de,Uni Mainz,"['IfP', 'umsonst', 'publizistik', 'mainz']"
09:12:16 11:50:15,PaulLarrouturou,"RT Plenel sera à l' #Ifp vendredi. On lui en parlera @eni_kao Mediapart en kiosque vendredi : 32 pages couleur, 2,50€. http://bit.ly/8Q2G1a",0,0,0,0,fr,France,['Ifp']
09:12:16 09:42:29,IFPIndia,#IFP Delhi convenes regional& national selection panels to ensure that selected candidates meet the highest academic &professional standards,1,0,0,0,en,India,['IFP']
09:12:16 09:40:25,IFPIndia,#IFP- Pre-Applications and Final Applications are submitted to IFP New Delhi.,1,0,0,0,en,India,['IFP']
09:12:16 09:34:04,IFPIndia,#IFP- IFP extends the  pre-application forms deadline to 4 Jan 2010.  Please visit  http://bit.ly/1pp8Ik for the forms.,3,0,0,0,en,India,['IFP']
09:12:15 11:38:54,IFPIndia,"#IFP helped me solidify my interest in promotion and protection of human rights and social justice""Azim A. Khan,Academic Director,SIT,Jaipur",0,0,0,0,en,India,['IFP']
09:12:15 11:35:35,IFPIndia,"#IFP gave me a life changing,amazing opportunity that helped me hone my academic acumen with top academic minds at Columbia Univ”Onkar Singh",1,0,0,0,en,India,['IFP']
09:12:15 11:29:18,IFPIndia,"#IFP-“Studying at an Ivy league University was not even in my wildest dream ! Thanks to IFP"" Onkar Singh, Bengaluru",0,0,0,0,en,India,['IFP']
09:12:15 11:27:41,IFPIndia,"#IFP has sharpened my leadership skills and strengthened my commitment to work for social justice rigorously.”-Tara Devi Dhakal,  Sikkim",1,0,0,0,en,India,['IFP']
09:12:14 16:46:15,PaulLarrouturou,"Louis Dreyfus à l' #IFP : La nouvelle formule des Inrocks fera appel à des pigistes de prestige ( ""contributing editor"") genre Paul Moreira.",0,0,0,0,fr,France,['IFP']
09:12:14 16:43:44,PaulLarrouturou,"Louis Dreyfus à l' #IFP : ""Comment traiter les régionales quand on peut penser que 70% de notre lectorat ne votera pas?""",0,0,0,0,fr,France,['IFP']
09:12:14 16:42:39,PaulLarrouturou,"Louis Dreyfus à l' #IFP : réflexion autour du prix actuellement à 3,30€. ""On va soit baisser soit rester pareil mais pas augmenter.""",0,0,0,0,fr,France,['IFP']
09:12:14 16:40:02,PaulLarrouturou,Louis Dreyfus à l' #IFP : vlnté de mettre 30 pages en plus de news (4 de pub) tout en gardant les pages culture. Sortie après les régionales,0,0,0,0,fr,France,['IFP']
09:12:14 16:38:17,PaulLarrouturou,"Louis Dreyfus à l' #IFP : jpeux pas trop rentrer dans les détails (étude SOFRES=argent=secret) ms ils veulent mettre du ""rock"" dans les news",0,0,0,0,fr,France,['IFP']
09:12:14 13:00:01,PaulLarrouturou,"L' #IFP reçoit cette aprém Louis Dreyfus, ancien DG de «Libération» et du «Nouvel Obs». Conseil de M.Pigasse pour le rachat des Inrocks.",0,0,0,0,fr,France,['IFP']
09:12:13 15:51:30,Carolumet,@PaulLarrouturou et quel plateau ! Ma 1ère présentation à l' #IFP était un calvaire... je préfère être de l'autre côté de la caméra !!!,0,0,0,0,fr,Paris,['IFP']
09:12:11 16:17:03,PaulLarrouturou,fin de session TV à l' #IFP. Entrnmt à la préstation de JT avc @carolinelumet. Je lance 1 plateau en faux direct que j'ai enregistré hier,0,0,0,0,fr,France,['IFP']
09:12:11 10:56:18,IFPIndia,"#IFP India- Closing date for Pre-Applications is December 15, 2009. Please encourage eligible candidates to apply !",0,0,0,0,en,India,['IFP']
09:12:09 15:51:24,PaulLarrouturou,"Sujet type JT de mes camarades de l' #ifp sur la flashmob d'Aides, Place de la République, la semaine dernière &gt;http://bit.ly/7a7MYq",0,0,0,0,fr,France,['ifp']
09:12:08 15:55:02,PaulLarrouturou,dérush avec ses camarades la manif des cheminots alcoolisés. #ifp,0,0,0,0,fr,France,['ifp']
09:12:05 14:45:19,BenjaminGalouye,Sublime. RT @PaulLarrouturou: cours de flash passionnant à l' #ifp avec @dastiz. Voila ce qu'on peut faire avec du flash http://bit.ly/WoAsE,0,0,0,0,fr,"Paris, France",['ifp']
09:12:05 14:40:55,PaulLarrouturou,cours de flash passionnant à l' #ifp avc David Castello Lopes ( @dastiz).Voila ce qu'on peut faire avc du flash &gt; http://bit.ly/WoAsE,0,0,0,0,fr,France,['ifp']
09:12:04 13:03:49,PaulLarrouturou,RT Pareil à l' #ifp @mariekirschen Après #huchoncfj hier & http://bit.ly/7IA6g1 débat du jour au CFJ:que doit-on twitter qd on est jnaliste?,0,0,0,0,fr,France,"['ifp', 'huchoncfj']"
09:12:04 10:34:18,PaulLarrouturou,Teaser vraiment appétissant du web docu qui va embellir le bitume @BrevesdeTrott:&gt;&gt; http://bit.ly/5H8Nmj #brevesdetrottoirs #ifp,0,0,0,0,fr,France,"['brevesdetrottoirs', 'ifp']"
09:12:03 11:29:55,IFPIndia,"#IFP-“IFP is a fresh breath and tour-de-force in building my professional career and personal outlook.” -Geeta Sinha, MART, Noida",1,0,0,0,en,India,['IFP']
09:12:03 11:03:53,PaulLarrouturou,allez voir le site reportage de ma camarade Anne-Fleur Delaistre revenant de Syrie &gt;&gt; http://bit.ly/7JArna avec Camille Lafrance #ifp,0,1,0,0,fr,France,['ifp']
09:12:03 09:59:19,Carolumet,Maquette d'un blog sur les mariages transfrontaliers (Syrie/Turquie) à voir http://auxfrontieres.free.fr/ #ifp,0,0,0,0,fr,Paris,['ifp']
09:12:03 09:57:09,Carolumet,Un blog sur les mariages transfrontaliers (Syrie/Turquie) à voir http://auxfrontieres.free.fr/ #ifp,0,0,0,0,fr,Paris,['ifp']
09:12:03 09:41:14,IFPIndia,"#IFP- Thank you so much, IFP !”-Jacintha Saldanha, Audiologist and Speech Language Pathologist, Tripolia Social Service Hospital, Patna.",0,0,0,0,en,India,['IFP']
09:12:03 09:39:55,IFPIndia,"#IFP- My long cherished dream of 8years to do a Masters, which I thought was impossible, became a joyful reality due to IFPJacintha Saldanha",0,0,0,0,en,India,['IFP']
09:12:02 19:52:39,areox,#IFP Glad to be there! http://www.internetforpeace.org/subscriberslist.cfm?currentpage=15&country=105,0,0,0,0,en,"Paris, France",['IFP']
09:12:02 19:34:11,RiccardoLuna,"#IFP InternetforPeace, los nombres http://www.internetforpeace.org/subscriberslist.cfm?country=56&page=1  esperamos la blogosfera cubana",0,0,0,0,es,Italy,['IFP']
09:12:02 14:09:47,frizphoenix,"#branding20 Websolute:Internet è device, ma sta a noi orientarla nel senso che riteniamo più utile #internetforpace #IFP",0,0,0,0,it,Ravenna,"['branding20', 'internetforpace', 'IFP']"
09:12:02 13:37:46,PaulLarrouturou,RT +1 @M_Mondoloni: Un nouveau #webdocu en préparation: Brèves de trottoirs (@BrevesdeTrott). Teaser&gt; http://www.brevesdetrottoirs.com/ #IFP,0,0,0,0,fr,France,"['webdocu', 'IFP']"
09:12:02 10:25:41,LaMaranzana,RT @riccardowiredNel mio piccolo sostengo anche io il Nobel ad Internet per la Pace http://bit.ly/91VuM5 #internetforpace #IFP,0,0,0,0,it,Maranzana / Piedmont / Italy,"['internetforpace', 'IFP']"
09:12:02 10:24:55,FrancescoChiodo,Sign up for the Internet For Peace and become part of the movement to nominate the Net for a Nobel Peace Prize: http://bit.ly/7t2GwC  #IFP,0,0,0,0,en,"Soveria Mannelli, Italy",['IFP']
09:12:02 10:12:06,chinaski_83,Attende la mail per confermare il sostegno Nobel ad Internet per la Pace http://bit.ly/91VuM5 #internetforpace #IFP,0,0,0,0,it,"Roma, Lazio","['internetforpace', 'IFP']"
09:12:02 10:07:39,RiccardoLuna,Nel mio piccolo sostengo anche io il Nobel ad Internet per la Pace http://bit.ly/91VuM5 #internetforpace #IFP ;) (via @chrihardcore) grande!,2,0,0,0,it,Italy,"['internetforpace', 'IFP']"
09:12:01 22:03:15,Ronin__live,"RT @riccardowired: #IFP Il progetto Yuothopia di Mtv presenta la faccia migliore dei nativi digitali, una generazione con cui costruire un..",0,0,0,0,it,"Roma, Lazio",['IFP']
09:12:01 19:43:39,chrihardcore,"Nel mio piccolo, sostengo anche io il Nobel ad Internet per la Pace: http://bit.ly/91VuM5 #internetforpace #IFP ;)",0,0,0,0,it,"45.459689,9.205366","['internetforpace', 'IFP']"
09:12:01 19:35:23,RiccardoLuna,"#IFP Il progetto Yuothopia di Mtv presenta la faccia migliore dei nativi digitali, una generazione con cui costruire un mondo migliore",0,0,0,0,it,Italy,['IFP']
09:12:01 18:43:52,PaulLarrouturou,Dérushage de la vente Baudelaire chz Drouot pr un sujet type JT à l' #IFP.Ce petit bouquin vaut 775000€!(avc frais) http://twitpic.com/rqcbt,0,0,0,0,fr,France,['IFP']
09:12:01 07:39:33,IFPIndia,"#IFP- “IFP was the VOICE of a VOICELESS person like me.”-Irsahdul Haque, National Vice President, All India Pasmanda Muslim Mahaz, Patna",0,0,1,0,en,India,['IFP']
09:12:01 02:38:38,KevinScottT,"RT @directingactors:  #IFP ""In a world of vamps and animation we're proud to do existential films.""",0,0,0,0,en,#Reno,['IFP']
09:12:01 01:26:41,huepeeple,Hey #I F P WHO is this guy?  WHY did #IFP hire him? (#GothamAwardsOnUstream live › http://ustre.am/8nPs),0,0,0,0,en,Los Angeles,"['I', 'IFP', 'GothamAwardsOnUstream']"
09:11:30 16:01:50,PaulLarrouturou,RT (solidarité #ifp) @carolinelumet recherche couples (ou célibataires) ayant mené à bien (ou s'engageant ds) un projet de coparentalité...,0,0,0,0,fr,France,['ifp']
09:11:30 09:05:43,PaulLarrouturou,"Cours de télé en demi-groupe à l' #ifp avc Laure Bezaut, directrice rédac Nantes7, passée par F3 et LCI (co-créatrice du ""Journal du web)",0,0,0,0,fr,France,['ifp']
09:11:29 17:32:49,PaulLarrouturou,@MrSeries Bravo pour l'Hebdo Series n°8 même si Eric de #trueblood ft encore + peur sans maquillage. Vivmt celui sur #Californication! #ifp,0,0,0,0,fr,France,"['trueblood', 'Californication', 'ifp']"
09:11:29 17:08:38,PaulLarrouturou,découvre et vous conseille l'Hebdo Séries de Canal + &gt; http://tinyurl.com/yjp7x9v . Pas slmt parce que c'est fait par un ancien de l' #ifp,0,0,0,0,fr,France,['ifp']
09:11:28 10:26:50,PaulLarrouturou,Cours de flash à l' #ifp par un ancien passé aussi par Berkeley.,0,0,0,0,fr,France,['ifp']
09:11:27 11:36:14,PaulLarrouturou,"A l #IFP, ns avons une camarde qui le connait.C'est un récidiviste. RT @louismoulin Grosse déconne sur CCTV : http://xml.vod.cctv.com/htm...",0,0,0,0,fr,France,['IFP']
09:11:27 07:12:48,IFPIndia,#IFP India - Do you see yourself as a social justice leader ? Do you wish to contribute to improve society ? See http://bit.ly/1pp8Ik,0,0,0,0,en,India,['IFP']
09:11:27 07:11:59,IFPIndia,#IFP India -  A fellowship program that breaks the mould : Ford Foundation International Fellowships Program (IFP). See http://bit.ly/1pp8Ik,0,0,0,0,en,India,['IFP']
09:11:25 10:06:14,PaulLarrouturou,"@AudeBaron ok contre le formatage. Mais les privées ne st ps les seules enfin!Sr 13 écoles, tu oublies mn école( #Ifp), #celsa, #ijba, #cuej",0,0,0,0,fr,France,"['Ifp', 'celsa', 'ijba', 'cuej']"
09:11:25 09:22:08,PaulLarrouturou,"Cours de photo à l' #Ifp. Pr débriefer la manif d'hier, le prof nous montre sa photo ds Libé. Classe. http://twitpic.com/qutbu",0,0,0,0,fr,France,['Ifp']
09:11:25 06:08:50,IFPIndia,#IFP - IFP: Investing in human potential to make the world a better place. See  http://bit.ly/1pp8Ik,0,0,0,0,en,India,['IFP']
09:11:24 13:38:04,IFPIndia,#IFP Want to pursue  PG in Community Development or Environment or Health or Education ? See if you meet the criteria for a IFP Fellowship.,0,0,0,0,en,India,['IFP']
09:11:24 13:36:01,IFPIndia,#IFP India - A fellowship program that breaks the mould : Ford Foundation International Fellowships Program (IFP). See http://bit.ly/1pp8Ik,0,0,0,0,en,India,['IFP']
09:11:24 12:26:40,MarcoMm,"@francescoonair il numero di #wired, pare, non è arrivato a nessuno, perchè in redazione sono tutti ad #IFP...aspetta anche tu...:(",0,0,0,0,it,"Giugliano, Napoli","['wired', 'IFP']"
09:11:23 16:47:42,PaulLarrouturou,"alors il faut le savoir, mais à 3 minutes 03 de ce zapping http://player.canalplus.fr/#/294473 le mec qui se lève est un camarade de l' #ifp",1,0,0,0,fr,France,['ifp']
09:11:23 13:20:48,IFPIndia,#IFP India- Ford Foundation invites applications for 40 fellowships- http://bit.ly/4IZeuY,0,0,0,0,en,India,['IFP']
09:11:23 13:19:56,IFPIndia,#IFP India-  Ford Foundation invites applications for 40 fellowships- http://bit.ly/4WuiDH,0,0,0,0,en,India,['IFP']
09:11:22 22:15:38,juliaklebitz,gut dann meld ich mich auch mal wieder zurück vom #ifp-Jahrestreffen. nach 8 Std hab ichs auch geschafft :-) schön wars!,0,0,0,0,de,,['ifp']
09:11:22 19:37:32,alexdemling,zurück vom #ifp -jahrestreffen in hamburg. bildungstreik dauert anscheinend noch an #faubrennt #bildungsstreik,0,0,0,0,de,San Francisco,"['ifp', 'faubrennt', 'bildungsstreik']"
09:11:22 17:53:44,ecodallaluna,#IFP #IFP Please support Internet as a candidate for 2010 Nobel for Peace. http://bit.ly/6c7Wxx,0,0,0,0,en,"Berlin, Deutschland","['IFP', 'IFP']"
09:11:22 17:49:16,ecodallaluna,"#IFP #I4P Ha portato libertà, verità, democrazia, sviluppo, opportunità, conoscenza. Secondo me se lo merita il premio Nobel della pace.",0,0,0,0,it,"Berlin, Deutschland","['IFP', 'I4P']"
09:11:21 21:45:20,sparviero,Iscriviti su Internet For Peace e prendi parte al movimento per candidare Internet al Nobel per la pace http://bit.ly/6c7Wxx #IFP,0,0,0,0,it,"Torino, Italy",['IFP']
09:11:21 17:47:29,steppia,@riccardowired l'iscrizione a #IFP non funziona con Opera... potete sistemarlo?,0,0,0,0,it,"London, UK",['IFP']
09:11:21 17:47:01,m3rl1n0,"Liked ""#IFP Se fate la ricerca con Internet e Peace trovate 30 pagine di tweet, da tutte le parti del mondo, è una..."" http://ff.im/bOeIs",0,0,0,0,it,Rome,['IFP']
09:11:21 17:36:27,Epix_66,@riccardowired #IFP dopo sole 24 ore... E' una cosa della quale andarne -a giusta ragione- orgogliosi! ;) Complimenti!!!,0,0,0,0,it,"Puglia, Italy",['IFP']
09:11:21 17:03:53,RiccardoLuna,#IFP See who has joined so far: a world map for the Nobel Peace Prize to the Net http://www.internetforpeace.org/whoisjoined.cfm,0,0,0,0,en,Italy,['IFP']
09:11:21 17:01:00,RiccardoLuna,"#IFP Se fate la ricerca con Internet e Peace trovate 30 pagine di tweet, da tutte le parti del mondo, è una cosa che mette i brividi",0,0,1,0,it,Italy,['IFP']
09:11:20 15:04:35,LucianT,"Listening to CEOs of #CGGVeritas, #Total, #GDFSUEZ, #Schlumberger, #IFP #WPC commit to future of energy. I don't think it's enough. #eyfwpc",0,0,0,0,en,Spain,"['CGGVeritas', 'Total', 'GDFSUEZ', 'Schlumberger', 'IFP', 'WPC', 'eyfwpc']"
09:11:19 16:21:22,fterzini,@riccardowired è #IFP oppure #I4P ???,0,0,0,0,it,Firenze,"['IFP', 'I4P']"
09:11:19 15:55:49,matteopenzo,RT @riccardowired: #IFP in Wired Uk website (Grazie!)  http://bit.ly/Ihxz7 - MUCH respect!,0,0,0,0,en,"On a plane, most likely.",['IFP']
09:11:19 15:32:45,RiccardoLuna,#IFP in Wired Uk website (Grazie!) http://www.wired.co.uk/news/archive/2009-11/19/internet-for-peace.aspx,1,0,0,0,en,Italy,['IFP']
09:11:19 07:31:08,IFPIndia,"#IFP- Graduate belonging to scheduled castes/tribes, backward classes, religious minorities, as well as women are encouraged to apply",0,0,0,0,en,India,['IFP']
09:11:19 07:28:11,IFPIndia,#IFP -Interested in higher education for social change?Apply for one of the 40 Ford Fellowships to study Master's degree in India or abroad,0,0,0,0,en,India,['IFP']
09:11:19 05:43:52,IFPIndia,#IFP - IFP selects  Fellows on the strength of their clearly- stated intention to serve their community and country of origin.,0,0,0,0,en,India,['IFP']
09:11:19 05:40:22,IFPIndia,#IFP India - The fellowship is offered for Master's degree only. It cannot be be used for short -term courses.,0,0,0,0,en,India,['IFP']
09:11:18 18:12:45,PaulLarrouturou,Petite fiction de 3 camarades de l' #ifp pour le concours SNCF des 4 écrans&gt;&gt;http://www.youtube.com/watch?v=pCibnaiSudE&feature=channel,0,0,0,0,fr,France,['ifp']
09:11:18 16:34:17,PaulLarrouturou,"à l' #ifp, notre camarade chinoise permet de voir l'actu différemment &gt; http://news.cn.yahoo.com/09-11-/1063/2jpwq.html",0,0,0,0,fr,France,['ifp']
09:11:18 13:56:03,IFPIndia,#IFP India - Shortlisted candidates will be invited to attend regional interviews during April and May 2010.,0,0,0,0,en,India,['IFP']
09:11:18 13:54:33,IFPIndia,"#IFP Final Application Form will be reviewed & evluated by a panel of experts from academia,social development sector and other disciplines",0,0,0,0,en,India,['IFP']
09:11:18 13:51:56,IFPIndia,#IFP India- Only eligible candidates will be sent an IFP Final Application Form.,0,0,0,0,en,India,['IFP']
09:11:18 13:51:05,IFPIndia,"#IFP India- Interested candidates should complete an IFP Pre-Application to reach IFP Office in New Delhi not later than Dec15, 2009",0,0,0,0,en,India,['IFP']
09:11:17 15:19:39,PaulLarrouturou,ce soir les anciens de l' #ifp et de très nombreux journalistes st invités au lcment de l'asso des journalistes de Paris II face au Panthéon,0,0,0,0,fr,France,['ifp']
09:11:16 22:17:37,jessdheere,what's the diff btwn crowdsourcing vs peer-to-peer production? find out @digiactive post about #IFP http://bit.ly/4kZYac (via @kjantin),0,0,0,0,en,"Washington, DC",['IFP']
09:11:12 13:13:01,akshayjoshi,RT @IFPIndia: #IFP- http://bit.ly/4icUP3,0,0,0,0,und,"Geneva, Switzerland",['IFP']
09:11:12 12:59:41,IFPIndia,#IFP- http://bit.ly/4icUP3,0,0,0,0,und,India,['IFP']
09:11:12 10:15:17,PaulLarrouturou,cours de géopolitique de @pierrehaski à l' #ifp : découverte du blog de veille du NYT : http://thelede.blogs.nytimes.com/,0,0,0,0,fr,France,['ifp']
09:11:11 18:42:28,weare_thegotham,#IFP announces partnership with #Shooting People in the UK. also note the new blog url: http://independentfilmmakerproject.blogspot.com/,1,0,1,0,en,New York,"['IFP', 'Shooting']"
09:11:10 12:50:36,IFPIndia,"#IFP India -  IFP having the next press conference in Bhubaneswar on November 17, 2009",0,0,0,0,en,India,['IFP']
09:11:10 11:06:45,PaulLarrouturou,Cours de géopolitique avec @pierrehaski à l' #ifp. Interruption du cours sur la Chine par une interview en direct sur la BBC sur Sarkozy,0,0,0,0,fr,France,['ifp']
09:11:09 10:24:19,PaulLarrouturou,Cours de géopolitique par l'anecdote à l' #ifp par @pierrehaski avc travaux pratiques pr @rue89 : 1989&gt;2009 : ce qui a changé dans le monde,0,0,0,0,fr,France,['ifp']
09:11:05 13:06:17,IFPIndia,#IFP India - Fellows who wish to study overseas will have to take TOEFL or IELTS language proficiency tests,0,0,0,0,en,India,['IFP']
09:11:05 13:05:53,IFPIndia,#IFP- IFP will support Fellows to undertake appropriate short-term language training in research and computer skills prior to enrolment,0,0,0,0,en,India,['IFP']
09:11:02 12:54:31,PaulLarrouturou,"session spéciale de radio à l' #ifp avec Stephane Fort, grand reporter au service étranger de France Inter. Instructif.",0,0,0,0,fr,France,['ifp']
09:11:02 05:16:34,akshayjoshi,RT @IFPIndia: #IFP India- A fund of $355 million has been granted by the foundation for over 10 years,0,0,0,0,en,"Geneva, Switzerland",['IFP']
09:11:02 05:14:19,akshayjoshi,"RT @IFPIndia: #IFP India- The programme offers fellowships across 22 countries in Asia, Africa, Latin America and the Middle East",0,0,0,0,en,"Geneva, Switzerland",['IFP']
09:10:30 12:14:20,PaulLarrouturou,"bon, premier jet de listes. Si erreurs et/ou oublis dans les listes étudiantsjournalistes, journalistes et #ifp, faites moi signe.",0,0,0,0,fr,France,['ifp']
09:10:30 10:12:18,akshayjoshi,"if you wanna pursue studies with the objective of serving your community, #ifp is the platform  that you need to tap... http://bit.ly/1pp8Ik",0,0,0,0,en,"Geneva, Switzerland",['ifp']
09:10:29 23:09:18,PaulLarrouturou,"RT @carolinelumet Hier soir, au quai d'orsay, Bernard Kouchner promet asile et visa aux journalistes russes menacés. #ifp #kouchner #russie",0,0,0,0,fr,France,"['ifp', 'kouchner', 'russie']"
09:10:29 23:05:42,Carolumet,"RT @PaulLarrouturou Soirée Annastassia Babourova : si vous ne parlez pas Russe, allez directement au 2em son http://tinyurl.com/yzjl2v8 #ifp",0,0,0,0,fr,Paris,['ifp']
09:10:29 21:23:32,PaulLarrouturou,"Soirée Annastassia Babourova : si vous non plus vous ne parlez pas Russe, allez directement au deuxième son http://tinyurl.com/yzjl2v8 #ifp",0,0,0,0,fr,France,['ifp']
09:10:29 12:23:48,IFPIndia,"#IFP India- Closing date for Pre-Applications is December 15, 2009. Please encourage eligible candidates to apply !",0,0,0,0,en,India,['IFP']
09:10:29 12:22:04,IFPIndia,#IFP India- 40 fellowships are available for 2010.,0,0,0,0,en,India,['IFP']
09:10:29 12:20:46,IFPIndia,"#IFP India-Fellows will be chosen on the basis of their academic achievement, their leadership potential and commitment to community service",0,0,0,0,en,India,['IFP']
09:10:29 08:21:56,Carolumet,"Hier soir, au quai d'orsay, Bernard Kouchner promet asile et visa aux journalistes russes menacés. #ifp #kouchner #russie",0,0,0,0,fr,Paris,"['ifp', 'kouchner', 'russie']"
09:10:28 15:56:49,PaulLarrouturou,"RT @carolinelumet @ifpjournalisme Dmitri Mouratov, rédacteur en chef de Novaïa Gazeta, assistera à la cérémonie. #ifp",0,0,0,0,fr,France,['ifp']
09:10:28 15:55:09,PaulLarrouturou,RT @IFPjournalisme Les M1 baptisés promo Anastassia Babourova ce soir au quai d'Orsay http://tinyurl.com/ygg5q6u  #ifp,0,0,0,0,fr,France,['ifp']
09:10:28 15:53:37,IFPjournalisme,Les M1 baptisés promo Anastassia Babourova ce soir au quai d'Orsay http://tinyurl.com/ygg5q6u [RUSSE] http://tinyurl.com/yfk76tm #ifp,0,0,0,0,fr,Paris,['ifp']
09:10:28 14:11:06,Carolumet,"mark hunter ""jouer colombo plutôt que l'expert"" #ifp #investigation",0,0,0,0,fr,Paris,"['ifp', 'investigation']"
09:10:28 13:36:42,Carolumet,je vais au quay d'orsay ce soir... pas instrumentalisée par une camapagne de com mais pour rendre hommage à une journaliste assassinée #ifp,0,0,0,0,fr,Paris,['ifp']
09:10:28 13:19:44,Carolumet,"mark hunter""ne jamais aller à une itw non preparé, vous vous retrouverez dans des eaux hostiles sans bouée de sauvetage"" #ifp #investigation",0,0,0,0,fr,Paris,"['ifp', 'investigation']"
09:10:28 12:40:44,IFPIndia,"#IFP India- The programme offers fellowships across 22 countries in Asia, Africa, Latin America and the Middle East",0,0,0,0,en,India,['IFP']
09:10:28 12:40:06,IFPIndia,#IFP India- A fund of $355 million has been granted by the foundation for over 10 years,0,0,0,0,en,India,['IFP']
09:10:28 12:39:04,IFPIndia,#IFP India- The International Fellowships Programme (IFP) run by the US-based Ford Foundation will end in 2010,0,0,0,0,en,India,['IFP']
09:10:27 15:53:37,IFPjournalisme,"5 M1 à France 2, puis 5 autres, et tout le reste à BFM!! Tout le monde est content! #ifp",0,0,0,0,fr,Paris,['ifp']
09:10:26 20:56:46,IFPjournalisme,les M1 de l'IFP squatteront la matinale de #FranceInter demain! Merci Thomas Legrand pour cette généreuse invitation! #ifp,0,0,0,0,fr,Paris,"['FranceInter', 'ifp']"
09:10:26 14:32:40,PaulLarrouturou,RT ce prof est culte @IFPjournalisme cours d'investigation haut en couleur pour les M2 par... http://tinyurl.com/yh72kh4 #ifp #investigation,0,0,0,0,fr,France,"['ifp', 'investigation']"
09:10:25 11:30:01,Carolumet,@AugustinS évoque notre présence au procès #Dray VS #LeMonde dans son papier en home page de @rue89 http://tinyurl.com/yjd4gy2 #ifp,0,0,0,0,fr,Paris,"['Dray', 'LeMonde', 'ifp']"
09:10:24 16:45:22,PaulLarrouturou,RT youpi @IFPjournalisme @AugustinS évoque notre présence au procès #Dray VS #LeMonde dans son papier @rue89 http://tinyurl.com/yjd4gy2 #ifp,0,0,0,0,fr,France,"['Dray', 'LeMonde', 'ifp']"
09:10:24 16:43:08,IFPjournalisme,@AugustinS évoque notre présence au procès #Dray VS #LeMonde dans son papier en home page de @rue89 http://tinyurl.com/yjd4gy2 #ifp,0,0,0,0,fr,Paris,"['Dray', 'LeMonde', 'ifp']"
09:10:23 15:00:47,PierreChaperon,RT @ozap: Vidéobuzz : Elkabbach stupéfait par le départ de Duroux http://bit.ly/71Ude #ifp,0,0,0,0,fr,,['ifp']
09:10:22 21:52:17,RevaGoldberg,RT: @Cinereach The #IFP conference panels are now available online. http://bit.ly/4ra6Kz,0,0,0,0,en,"Brooklyn, NY",['IFP']
09:10:22 16:36:27,PastorSandy,übt hier nebenan die gilde der alleinunterhalter an ihren peinlichen Bontempi orgeln oder was geht??? tse tse.. la paloma ohe... #ifp,0,0,0,0,de,Hannover,['ifp']
09:10:22 15:55:13,tweetfrancais,"RT: L'avocat de #Dray : ""Devant les futurs journalistes de l' #ifp, je dis attention à l'absence de précauti.. http://bit.ly/cznpk",0,0,0,0,fr,"Paris, France","['Dray', 'ifp']"
09:10:22 15:51:35,PaulLarrouturou,"Pierrat"" #mediapart arrive dvt votre tribunal. Quelquesoit le chgement de direction,#lemonde c une sle lignée de manque de déontologie"" #ifp",0,0,0,0,fr,France,"['mediapart', 'lemonde', 'ifp']"
09:10:22 15:49:58,PaulLarrouturou,"L'avocat de #Dray : ""Devant les futurs journalistes de l' #ifp, je dis attention à l'absence de précautions""(via @IFPjournalisme)",0,0,0,0,fr,France,"['Dray', 'ifp']"
09:10:22 15:48:00,PaulLarrouturou,les M2 à la 17ème Chambre du tribunal correctionnel pour assister à l'affaire #Dray VS Le Monde.#ifp (via @IFPjournalisme),0,0,0,0,fr,France,"['Dray', 'ifp']"
09:10:22 13:44:24,IFPjournalisme,"Pierrat""#mediapart arrive dvt votre tribunal. Quelquesoit le changement de direction,#lemonde c une sle lignée de manque de déontologie""#ifp",0,0,0,0,fr,Paris,"['mediapart', 'lemonde', 'ifp']"
09:10:22 13:36:10,IFPjournalisme,"Pierrat ""Cet article du Monde, c'est l'article fondateur du début de la chasse à courre avec l'espoir de l'hallali."" #ifp #Dray",0,0,0,0,fr,Paris,"['ifp', 'Dray']"
09:10:22 13:30:52,IFPjournalisme,"Pierrat ""L'affaire pénale n'existe pas. Tracfin a fini depuis un an. Je suis quasiment convaincu que #Dray ne sera pas poursuivi"".#ifp",0,0,0,0,fr,Paris,"['Dray', 'ifp']"
09:10:22 13:25:47,IFPjournalisme,"Pierrat démonte #lemonde et nous prend à témoin ""je parle devant les futurs journalistes de l' #ifp. Attention à l'absence de précautions"".",0,0,0,0,fr,Paris,"['lemonde', 'ifp']"
09:10:22 13:20:07,IFPjournalisme,seul média présent ds la salle @rue89 vers qui Pierrat se tourne à chaque fois qu'il prononce le mot déontologie lors de sa plaidoirie #ifp,0,0,0,0,fr,Paris,['ifp']
09:10:22 12:47:37,IFPjournalisme,les M2 à la 17ème Chambre du tribunal correctionnel pour assister à l'affaire #Dray VS Le Monde.#ifp,0,0,0,0,fr,Paris,"['Dray', 'ifp']"
09:10:22 11:14:20,simonroze,"RT @IFPjournalisme: Les M1 formés à la réalisation radio, une édition hebdomadaire dopée en préparation! à podcaster absolument! #IFP",0,0,0,0,fr,Paris,['IFP']
09:10:20 16:16:55,PaulLarrouturou,"RT @IFPjournalisme http://twitpic.com/m91qy - C-Marie Monnot, médiateur de France 2 était l'invité de l' #ifp http://twitpic.com/m91z0",0,0,0,0,fr,France,['ifp']
09:10:20 16:16:17,PaulLarrouturou,"RT @IFPjournalisme http://twitpic.com/m91qy - C-Marie Monnot, médiateur de France 2 était l'invité de l'#IFP http://twitpic.com/m91z0",0,0,0,0,fr,France,['IFP']
09:10:20 15:28:19,simonroze,bienvenur à @IFPjournalisme ! #IFP,0,0,0,0,fr,Paris,['IFP']
09:10:20 15:02:38,Carolumet,"RT @IFPjournalisme CCl de C-M Monnot,médiateur de F2 ""On a le plus beau métier du monde. Il ne faut pas le gâcher"".#ifp",0,0,0,0,fr,Paris,['ifp']
09:10:20 14:49:56,PaulLarrouturou,"RT @IFPjournalisme C-M Monnot,médiateur de F2 ""Quand Marie Drucker a qualifié Treiber de tueur,elle a reconnu avoir fait ""un peu court"" #ifp",0,0,0,0,fr,France,['ifp']
09:10:20 14:48:57,PaulLarrouturou,"RT @IFPjournalisme Médiateur de F2 ""En France,à France 2 aussi, on a la maladie du scoop. On ne recoupe pas. On préfère démentir après"" #ifp",0,0,0,0,fr,France,['ifp']
09:10:20 14:48:02,PaulLarrouturou,"RT @IFPjournalisme C-M Monnot,médiateur de F2 ""Au CSA, ils ne sont pas soumis. C'est juste qu'ils ne servent à rien."" #ifp",0,0,0,0,fr,France,['ifp']
09:10:20 14:46:04,PaulLarrouturou,"RT @IFPjournalisme C-M Monnot,médiateur de F2 ""TF1 n'a pas voulu de ""Plus Belle la vie"", ça leur aurait couté trop cher à produire"" #ifp",0,0,0,0,fr,France,['ifp']
09:10:20 14:43:40,IFPjournalisme,"CCl de C-M Monnot,médiateur de F2 venu parlé déontologie à l'école ""On a le plus beau métier du monde. Il ne faut pas le gâcher"".#ifp",0,0,0,0,fr,Paris,['ifp']
09:10:20 14:42:26,IFPjournalisme,"C-M Monnot,médiateur de F2 ""Ce qui revient le plus dans mon courriel, c'est la violence. Puis les erreurs. Et enfin trop de faits div'"".#ifp",0,0,0,0,fr,Paris,['ifp']
09:10:20 14:41:03,IFPjournalisme,"C-M Monnot,médiateur de F2 ""TF1 n'a pas voulu de ""Plus Belle la vie"", ça leur aurait couté trop cher à produire""#ifp",0,0,0,0,fr,Paris,['ifp']
09:10:20 14:35:41,IFPjournalisme,"C-M Monnot,médiateur de F2 ""Quand je dis aux journalistes, ""vous faites trop de caméras cachées"",ils me répondent ""t'as vu l'audience?"".#ifp",0,0,0,0,fr,Paris,['ifp']
09:10:20 14:34:20,IFPjournalisme,"C-M Monnot,médiateur de F2 ""Au CSA, ils ne sont pas soumis. C'est juste qu'ils ne servent à rien.""#ifp",0,0,0,0,fr,Paris,['ifp']
09:10:20 14:33:23,IFPjournalisme,"C-M Monnot,médiateur de F2 ""Avant, le patron du JT, c'était le rédac chef. Maintenant, c'est le présentateur."" #ifp",0,0,0,0,fr,Paris,['ifp']
09:10:20 14:32:04,IFPjournalisme,"C-M Monnot,médiateur de F2 ""Notre crédibilité s'affaisse tous les jours. Bcp de présentateurs font du médiatraining avc les politiques"" #ifp",0,0,0,0,fr,Paris,['ifp']
09:10:20 14:30:40,IFPjournalisme,"C-M Monnot,médiateur de F2 ""En France, à France 2 aussi, on a la maladie du scoop. On ne recoupe pas. On préfère démentir après"" #ifp",0,0,0,0,fr,Paris,['ifp']
09:10:20 14:29:02,IFPjournalisme,"C-M Monnot,médiateur de F2 ""Delahousse et Pujadas jouent très bien le jeu. Quand il y a un soucis, ils viennent en parler."" #ifp",0,0,0,0,fr,Paris,['ifp']
09:10:20 14:26:20,IFPjournalisme,"C-M Monnot,médiateur de F2 ""Heureusement, quand Marie Drucker a qualifié Treiber de tueur, elle a reconnu avoir fait un peu court"" #ifp",0,0,0,0,fr,Paris,['ifp']
09:10:20 14:24:53,IFPjournalisme,"Christian-Marie Monnot,médiateur de F2 ""J'ai un rôle consultatif, d'autorité morale. Malheureusement, j'ai de moins en moins de pouvoir""#ifp",0,0,0,0,fr,Paris,['ifp']
09:10:20 12:02:46,Carolumet,"RT @IFPjournalisme invité de l'après-midi, Christian-Marie Monnot, médiateur de France 2 (http://tinyurl.com/yglx6zq) #ifp",0,0,0,0,fr,Paris,['ifp']
09:10:20 11:50:28,PaulLarrouturou,"RT @IFPjournalisme invité de l'après-midi, Christian-Marie Monnot, médiateur de France 2 (http://tinyurl.com/yglx6zq) #ifp",0,0,0,0,fr,France,['ifp']
09:10:20 11:42:27,IFPjournalisme,"invité de l'après-midi, Christian-Marie Monnot, médiateur de France 2 et grand porteur de noeud papillon (http://tinyurl.com/yglx6zq) #ifp",0,0,0,0,fr,Paris,['ifp']
09:10:20 11:38:13,IFPjournalisme,"après une semaine consacrée à la Justice, les M2 entament une semaine de déontologie. #ifp",0,0,0,0,fr,Paris,['ifp']
09:10:19 17:58:39,KCAFilms,"RT @Screendaily: The Hurt Locker, Big Fan lead IFP Gotham nominees http://bit.ly/2OpiQq #ifp #Gothams #indiefilm",0,0,0,0,en,,"['ifp', 'Gothams', 'indiefilm']"
09:10:19 17:41:31,KCAFilms,LOL. RT @current_movies: And the award for fastest delivery of a nomination list goes to...A.O. SCOTT! Woo! #ifp,0,0,0,0,en,,['ifp']
09:10:19 17:20:51,RTShow,And the award for fastest delivery of a nomination list goes to...A.O. SCOTT! Woo! #ifp,0,0,0,0,en,"Los Angeles, CA",['ifp']
09:10:19 17:09:47,gogoSlava,RT @MByrd: Hey #IFP def going to webcast from the ceremony as well.  (The Gotham Independent Film Awards live &gt; http://ustre.am/75bt),0,0,0,0,en,"New York, San Francisco",['IFP']
09:10:16 13:45:09,PaulLarrouturou,"""Le juge d'instruction, comme le dit Badinter, c'est à la fois Maigret et Salomon""Christophe Regnard, psdt de l'USM #ifp",0,0,0,0,fr,France,['ifp']
09:10:16 13:20:04,Chagabs,"""Pendant 10 ans, on a eu une période de folie collective sur les délinquants sexuels et la parole de l'enfant"" Christophe Regnard #ifp",0,0,0,0,fr,Paris,['ifp']
09:10:13 10:19:50,IFPIndia,"#IFP India - As of October 2009, IFP India has selected 280 Fellows for Masters and PhD degrees",0,0,0,0,en,India,['IFP']
09:10:13 10:15:00,IFPIndia,"#IFP India - The Information Sheet and Pre-Application Form are at www.ifpsa.org. Closing date for Pre-Applications is December 15, 2009.",0,0,0,0,en,India,['IFP']
09:10:13 10:05:51,IFPIndia,#IFP India - IFP especially supports candidates from groups that have historically lacked access to higher education.,0,0,0,0,en,India,['IFP']
09:10:13 10:05:07,IFPIndia,#IFP India - Call for Applications for the Ninth Ford Foundation International Fellowships Program 2010,0,0,0,0,en,India,['IFP']
09:10:09 11:32:39,IFPIndia,#IFP India- 40 fellowships are available for 2010,0,0,0,0,en,India,['IFP']
09:10:09 11:31:48,IFPIndia,#IFP India-IFP provides support for a maximum of two years of formal Master’s degree,0,0,0,0,en,India,['IFP']
09:10:07 17:12:13,Nickcanncfp,Thanks to everybody for their support of a fantastic IFP Conference. Now fit to drop #ifp,0,0,0,0,en,"Chepstow, Wales",['ifp']
09:10:05 12:52:46,juliaklebitz,"hör´ gerade die hörfunksendung der ifp-stips08: http://tinyurl.com/c2qxed #ifp #m94,5",0,0,0,0,de,,"['ifp', 'm94']"
09:09:29 18:09:24,UrbanThinking,"Back in full effect after a week of networking at, Ad Week, Independent Film Week & Filmmaker Conference #IFP , New York Television Festival",0,0,0,0,en,NYC,['IFP']
09:09:27 21:42:15,ShortIsBetter,The #Film Panel Notetaker - Miss a panel discussion? Notes from #IFP’s Independen... http://shar.es/1vPcR,0,0,0,0,en,Canada,"['Film', 'IFP']"
09:09:27 10:54:33,CampbellX,RT @indigochameleonNotes from #IFP’s Independent #Filmmaker Conference 2009. Great Blog 'The Film Panel Notetaker' http://ow.ly/rfQ3,0,0,1,0,en,Planet Earth,"['IFP', 'Filmmaker']"
09:09:27 10:41:37,indigochameleon,Notes from #IFP’s Independent #Filmmaker Conference 2009. Great Blog 'The Film Panel Notetaker'  http://ow.ly/rfQ3,0,0,0,0,en,"Bristol, UK","['IFP', 'Filmmaker']"
09:09:26 14:11:37,indigochameleon,"Great article for #indie #producers, #filmmakers on the new market. http://ow.ly/rbhA  #IFP",0,0,0,0,en,"Bristol, UK","['indie', 'producers', 'filmmakers', 'IFP']"
09:09:24 17:31:36,Jacobanis,GoodPitch is a good thing! #IFP,0,0,0,0,en,,['IFP']
09:09:23 22:39:51,Jacobanis,RJ was talking about docs but I think it's just as true - and sometimes missed - for narrative #IFP,0,0,0,0,en,,['IFP']
09:09:23 15:23:47,skidrowcrypto,NY-based #ifp and London-based networking org #shootingpeople have formed a strategic partnership http://tinyurl.com/m4ho4o,0,0,0,0,en,"Los Angeles, CA","['ifp', 'shootingpeople']"
09:09:22 19:40:18,jonarcher,Pitching at IFP this week? Sage advice from ITVS's Richard Saiz: http://bit.ly/4bNxyw #ifp,0,0,0,0,en,"San Francisco, CA",['ifp']
09:09:22 16:53:49,dcap,Mira Nair said she does yoga w her crew on set every morning and blessing rituals. I've seen it in action and it 100% motivates them. #ifp,0,0,0,0,en,New Orleans,['ifp']
09:09:22 14:58:33,CarolynBTRmovie,"#ifp #film Sessn on glbal fnance - reduce bdgt, diversify risk. do co-prods",0,0,0,0,en,"Maryland, USA","['ifp', 'film']"
09:09:22 09:30:46,TheFinanceCoach,@PeteMatthew@TheParaplanner @mikelinskey @Nickcanncfp The #IFP tag seems to be quite well used currently. #IFPC is not. LETS USE THAT THEN!,0,0,0,0,en,"Barnet, London","['IFP', 'IFPC']"
09:09:22 09:22:28,PeteMatthew,@TheFinanceCoach @TheParaplanner @mikelinskey @Nickcanncfp The #IFP tag seems to be quite well used currently. #IFPC is not used at all,0,0,0,0,en,"Penzance, UK","['IFP', 'IFPC']"
09:09:22 08:51:20,TheFinanceCoach,RT @TheParaplanner: @PeteMatthew @Nickcanncfp Need to agree some hashtags before so that we can all see what's being said WHAT ABOUT #IFP?,0,0,0,0,en,"Barnet, London",['IFP']
09:09:22 08:13:13,contentnow,"Wednesday Guide/#NYTVF, #AWNY, #IFP: Top picks for Wednesday:
8-10:45, Breakfast with Mark Cuban, Chris Anderson.. http://bit.ly/4B6cCl",0,0,0,0,en,San Francisco,"['NYTVF', 'AWNY', 'IFP']"
09:09:22 06:13:10,contentnow,"Tuesday Guide/#NYTVF, #AWNY, #MIXX, #OMMA, #IFP: Here&#8217;s an abbreviated guide to the  top picks of the day:.. http://bit.ly/1OXWDI",0,0,0,0,en,San Francisco,"['NYTVF', 'AWNY', 'MIXX', 'OMMA', 'IFP']"
09:09:21 19:24:42,deebeezy,when you go to a distributor you should show up like the verizon guy with your army - build your crowd #ifp,0,0,0,0,en,"NY, NY",['ifp']
09:09:21 18:59:10,deebeezy,filmmakers go into someone else's (social media) crowd and bring them into your crowd #ifp,0,0,0,0,en,"NY, NY",['ifp']
09:09:21 17:35:43,deebeezy,hold on to your distribution rights split them up to max profits #ifp,0,0,0,0,en,"NY, NY",['ifp']
09:09:21 17:34:16,deebeezy,the days of one stop shop film distribution is over #ifp,0,0,0,0,en,"NY, NY",['ifp']
09:09:21 17:24:48,deebeezy,sally potter's 'rage' -ragethemovie.com - is the first feature film to debut on the mobile phone thru babelgum #ifp,0,0,0,0,en,"NY, NY",['ifp']
09:09:21 17:17:09,skidrowcrypto,"attending What's the deal? panel at #ifp indie film week w/Christian Vesper, Head of Acquisitions - Sundance/IFC",0,0,0,0,en,"Los Angeles, CA",['ifp']
09:09:21 11:01:34,Followinf,"Tuesday Guide/#AWNY, #MIXX, #OMMA, #NYTVF, #IFP « Content NOW http://bit.ly/rnBnV",0,0,0,0,en,Dubai-UAE,"['AWNY', 'MIXX', 'OMMA', 'NYTVF', 'IFP']"
09:09:21 10:45:14,Followinf,"Tuesday Guide/#AWNY, #MIXX, #OMMA, #NYTVF, #IFP « Content NOW http://bit.ly/rnBnV",0,0,0,0,en,Dubai-UAE,"['AWNY', 'MIXX', 'OMMA', 'NYTVF', 'IFP']"
09:09:21 09:42:48,career_ops,"Tuesday Guide/#AWNY, #MIXX, #OMMA, #NYTVF, #IFP « Content NOW http://bit.ly/1QUQAa",0,0,0,0,en,,"['AWNY', 'MIXX', 'OMMA', 'NYTVF', 'IFP']"
09:09:21 09:29:59,bigdigit,"Tuesday Guide/#AWNY, #MIXX, #OMMA, #NYTVF, #IFP « Content NOW: Steve Farella, President &amp; CEO, TargetCast tc.. http://tinyurl.com/n4cljg",0,0,0,0,en,"iPhone: 0.000000,0.000000","['AWNY', 'MIXX', 'OMMA', 'NYTVF', 'IFP']"
09:09:21 07:48:52,contentnow,"Tuesday Guide/#AWNY, #MIXX, #OMMA, #NYTVF, #IFP: Tu 9/22
7:45-9:30, Media Insights Breakfast Today’s 360 — How A.. http://bit.ly/rnBnV",0,0,0,0,en,San Francisco,"['AWNY', 'MIXX', 'OMMA', 'NYTVF', 'IFP']"
09:09:21 07:48:33,contentnow,"Monday Guide/#AWNY, #MIXX, #OMMA, #NYTVF, #IFP: The Emmys were awesome and now 60,000+ are expected to descend u.. http://bit.ly/7SWg0",0,0,0,0,en,San Francisco,"['AWNY', 'MIXX', 'OMMA', 'NYTVF', 'IFP']"
09:09:21 02:10:08,videorose,Beautiful night under brooklyn bridge watching #ifp lab trailers. This is the best part,0,0,0,0,en,"Brooklyn, NY",['ifp']
09:09:21 00:16:03,makingthemovie,"RT @lmcnelly: RT @stomptokyo: Peter Saraf: ""Make a movie, take it to festivals, sell it there... It's a ridiculous business model."" #IFP",0,0,0,0,en,"Hollywood, CA",['IFP']
09:09:21 00:16:03,johnott,"RT @lmcnelly: RT @stomptokyo: Peter Saraf: ""Make a movie, take it to festivals, sell it there... It's a ridiculous business model."" #IFP",0,0,0,0,en,Los Angeles,['IFP']
09:09:20 23:37:37,lmcnelly,"RT @stomptokyo: Peter Saraf: ""Make a movie, take it to festivals, sell it there... It's a ridiculous business model."" #IFP",0,0,0,0,en,"Maine, ayuh",['IFP']
09:09:20 23:15:23,anadk,"Amen! RT @stomptokyo: Peter Saraf: ""Make a movie, take it to festivals, sell it there... It's a ridiculous business model."" #IFP",0,0,1,0,en,"San José, Costa Rica",['IFP']
09:09:20 22:04:30,stomptokyo,"Peter Saraf: ""Make a movie, take it to festivals, sell it there... It's a ridiculous business model."" #IFP",0,0,0,0,en,"Atlanta, GA",['IFP']
09:09:20 22:02:02,jeanprytyskacz,RT @milesmakerFree outdoor public screening of 20 film excerpts from '09 #ifp labs documentary/narrative projects http://tinyurl.com/mzc8md,0,0,0,0,en,New York City and Long Island,['ifp']
09:09:20 21:41:47,stomptokyo,The #IFP emcee should introduce herself before she introduces each panel. It's weird not knowing to whom you are listening.,0,0,0,0,en,"Atlanta, GA",['IFP']
09:09:20 21:38:37,skidrowcrypto,Free outdoor public screening of 20 film excerpts from '09 #ifp labs documentary/narrative projects http://tinyurl.com/mzc8md,0,0,0,0,en,"Los Angeles, CA",['ifp']
09:09:20 21:08:03,sfelt,at the #ifp indie filmmakers conf in nyc,0,0,0,0,en,"Denver, Colorado, USA",['ifp']
09:09:20 19:13:34,stomptokyo,Sitting a few rows back from the #IFP panel knitter. Looks like a scarf?,0,0,0,0,en,"Atlanta, GA",['IFP']
09:09:20 16:14:46,stomptokyo,Ted Hope now answering questions about his accent at #IFP. Awesome!,0,0,0,0,en,"Atlanta, GA",['IFP']
09:09:20 15:50:35,contentnow,"#IFP filmproject auditorium filling up, 1000+ runored to be here, networking supposedly good at Chipolte, Starbucks http://twitpic.com/igh2r",0,0,0,0,en,San Francisco,['IFP']
09:09:20 15:48:55,stomptokyo,And @lanceweiler brings it back around. Now much love for workbook project from Ted Hope. #IFP,0,0,0,0,en,"Atlanta, GA",['IFP']
09:09:20 15:44:57,stomptokyo,5 minutes into this panel and we're already off on a tangent. #IFP,0,0,0,0,en,"Atlanta, GA",['IFP']
09:09:20 15:39:31,skidrowcrypto,FREE #ifp outdoor screening tonight in Dumbo Brooklyn  http://tinyurl.com/mzc8md,0,0,0,0,en,"Los Angeles, CA",['ifp']
09:09:20 14:53:30,bsroszell,Independent Film Week starts today. Time to sell some movies! #IFP,0,0,0,0,en,"Austin, TX USA",['IFP']
09:09:20 14:50:32,skidrowcrypto,@hunterweeks it's a beautiful day to be a filmmaker!  #ifp Indie Film Week  http://tinyurl.com/mplmuf,0,0,0,0,en,"Los Angeles, CA",['ifp']
09:09:20 14:35:16,stomptokyo,"Jeff Hill to press gloom/doom about indie film (paraphrased): ""Come on. It's just a recession. We've done this before."" #IFP",0,0,0,0,en,"Atlanta, GA",['IFP']
09:09:20 14:19:13,contentnow,"#IFP Positioning Film for Festivals and Buyers, 100+ filmmakers in audience http://twitpic.com/ig66m",0,0,0,0,en,San Francisco,['IFP']
09:09:20 14:16:38,contentnow,"#IFP Here at Filmmaker - onstage Focus Features, Magnolia...Positioning Dilm for http://twitpic.com/ig5x2",0,0,0,0,en,San Francisco,['IFP']
09:09:20 14:13:35,filmfestsecrets,Current panel: positioning your film for festivals & buyers. #ifp,0,0,0,0,en,"Atlanta, GA",['ifp']
09:09:20 14:09:03,stomptokyo,Current panel: positioning your film for festivals & buyers. #ifp,0,0,0,0,en,"Atlanta, GA",['ifp']
09:09:20 00:04:23,skidrowcrypto,GREAT 1st day at Indie Film Week!  Thanks #ifp and #indiegogo--heading back home and back on my screenplay...,0,0,0,0,en,"Los Angeles, CA","['ifp', 'indiegogo']"
09:09:19 20:09:53,stomptokyo,"#IFP wants me to tag my updates with the hash #ifpfilmweek. I think we both know I'm lazier than that. Sad, isn't it?",0,0,0,0,en,"Atlanta, GA","['IFP', 'ifpfilmweek']"
09:09:19 19:31:02,brianveronica1,"#NYTVF, #IFP, #MIXX, #OMMA, #AdvertisingWeek/The Guide « Content NOW http://bit.ly/Y0HtV",0,0,0,0,en,Los Angeles,"['NYTVF', 'IFP', 'MIXX', 'OMMA', 'AdvertisingWeek']"
09:09:19 18:49:20,Demonstrous,"This #IFP conference should be called ""working with Film VS New Technology"", sponsored by #Kodak, guess which one wins?",0,0,0,0,en,"40.674942,-73.955621","['IFP', 'Kodak']"
09:09:19 17:34:38,Demonstrous,At an #IFP conference on #filmmusic.,0,0,0,0,en,"40.674942,-73.955621","['IFP', 'filmmusic']"
09:09:19 16:29:26,stomptokyo,Standing in back of script to screen panel at #IFP. Where are my conference buddies?,0,0,0,0,en,"Atlanta, GA",['IFP']
09:09:19 15:49:42,zaffi,Making your first feature...first #ifp panel of the day for me...not familiar with the panelists...pretty dry so far #IFPFilmweek #indiegogo,0,0,0,0,en,"Brooklyn, NY","['ifp', 'IFPFilmweek', 'indiegogo']"
09:09:19 15:38:28,zaffi,At #IFP trying to pick up my #indiegogo pass...names not on the list...(price is right losing sound),0,0,0,0,en,"Brooklyn, NY","['IFP', 'indiegogo']"
09:09:18 23:47:56,contentnow,"#AdvertisingWeek, #NYTVF, #MIXX, #OMMA, #IFP/The Guide: 60,000+ are expected to descend upon NYC for Advertising.. http://bit.ly/2WK78e",0,0,1,0,en,San Francisco,"['AdvertisingWeek', 'NYTVF', 'MIXX', 'OMMA', 'IFP']"
09:09:18 23:30:47,TM_140TC,"What’s On This Week: #AdvertisingWeek, #IFP, #Engage Expo, #140TC, #NARIP, #ZurichFilmFestival « C... http://retwt.me/4iD0 (via @contentnow)",0,0,0,0,en,Worldwide,"['AdvertisingWeek', 'IFP', 'Engage', '140TC', 'NARIP', 'ZurichFilmFestival']"
09:09:18 23:16:30,contentnow,"What&#8217;s On This Week: #AdvertisingWeek, #IFP, #Engage Expo, #140TC, #NARIP, #ZurichFilmFestival: Really, wh.. http://bit.ly/2VDFRP",0,0,0,0,en,San Francisco,"['AdvertisingWeek', 'IFP', 'Engage', '140TC', 'NARIP', 'ZurichFilmFestival']"
09:09:18 21:13:28,zaffi,"#followfriday special thanks2 @indiegogo @GoGoSlava and @GoGoDanae for getting me hookdup w/#IFPFilmweek passes...ifu going, hit me up! #IFP",0,0,0,0,en,"Brooklyn, NY","['followfriday', 'IFPFilmweek', 'IFP']"
09:09:17 10:10:32,TheParaplanner,Just got my IFP Conference details and have got VIP status (clearly not fussy who they give that too any more!)  #IFP,0,0,0,0,en,Lockdown Danger Town,['IFP']
09:09:16 16:11:08,zaffi,.@zaffi Congrats! You're the 12th Twinner of IndieGoGo's IFP Ticket Give Away http://ow.ly/pApD  (via @GoGoDanae) Yes!!! Any1 @ #IFP hitmeup,0,0,0,0,en,"Brooklyn, NY",['IFP']
09:09:16 04:06:28,cinecitizen,RT@SKilmurry POV's Yance Ford interviews Milton Tabbot about Independent Film Week http://bit.ly/i12fG #povodcs #IFP,0,0,0,0,en,DC/MD,"['povodcs', 'IFP']"
09:09:15 22:36:13,JustinFrancese,RT @SKilmurry POV's Yance Ford interviews Milton Tabbot about Independent Film Week http://bit.ly/i12fG #povdocs #IFP,0,0,0,0,en,"Eugene, OR","['povdocs', 'IFP']"
09:09:15 21:28:40,monanicoara,RT POV's Yance Ford interviews Milton Tabbot about Independent Film Week http://bit.ly/i12fG #povodcs #IFP (via @SKilmurry),0,0,0,0,en,Brooklyn & Transylvania,"['povodcs', 'IFP']"
09:09:12 22:06:49,zaffi,Really hoping2attend #IFP week for all the great panels about first features including Working with new technology #indiegogo #IFPFilmweek,0,0,0,0,en,"Brooklyn, NY","['IFP', 'indiegogo', 'IFPFilmweek']"
09:09:11 22:05:46,contentnow,What's On: #GDCAustin #EngageExpo #IFP #NYTVF #MIXX #OMMA #AdvertisingWeek #TC50 http://bit.ly/dNLtB,0,0,0,0,en,San Francisco,"['GDCAustin', 'EngageExpo', 'IFP', 'NYTVF', 'MIXX', 'OMMA', 'AdvertisingWeek', 'TC50']"
09:09:10 03:52:18,LanceWeiler,"@EitherOrFilms I'm on a panel called THE TIMES, THEY ARE A-CHANGIN’ w/ @tedhope, @kvpi @massify @ 11:30 on 9/20 -  #ifp",0,0,0,0,en,everywhere,['ifp']
09:09:08 12:44:50,Caritas_web,Neues #Video: Traumatisierte Frauen schneidern sich im Münchener Nähwerk zurück ins Leben. #Caritas http://tinyurl.com/mbyqfs Danke #ifp,0,0,0,0,de,Germany,"['Video', 'Caritas', 'ifp']"
09:08:24 17:33:53,_superdomestik,'Should we stay or should we go now...' Decisions to be made on attending #IFP filmmaker conference in NY in Sept,0,0,0,0,en,#wearesuperdomestik,['IFP']
09:07:21 19:29:21,joopx,An alles IFP-Twitterer: Wir brauchen bis Donnerstag ein Thema fürs Besinnungswochenende. Näheres dazu in der StudiVZ Gruppe! #IFP,0,0,0,0,de,Köln,['IFP']
09:07:19 17:27:23,CiSdocumentary,Radiate & Reflect Productions website relaunch COMING SOON! #independentfilm #IFP #NYC,0,0,0,0,en,"Brooklyn, NY","['independentfilm', 'IFP', 'NYC']"
09:07:16 01:04:11,ThatSpencer,At #IFP meeting.  Apparently on time = early.,0,0,0,0,en,"Seattle, WA",['IFP']
09:07:12 19:50:31,alexdemling,"Yeah, beim Fußball-Cup der deutschen Journalistenschulen den 3. Platz belegt! #ifp",0,0,0,0,de,San Francisco,['ifp']
09:06:22 07:35:19,alexdemling,"@joopx Samstag, 11. Juli. Also in drei Wochen. #ifp #fussball",0,0,0,0,de,San Francisco,"['ifp', 'fussball']"
09:06:17 18:13:47,bjoern,"47 Prozent der Menschen zwischen 18 und 24 Jahren sagen, Blogger sind Journalisten. #Donsbach #ifp",0,0,0,0,de,Munich,"['Donsbach', 'ifp']"
09:06:17 18:03:00,bjoern,"""Die Deutschen halten Journalisten für mächtiger als Politiker, finden das aber nicht gut."" #Donsbach #ifp",0,0,0,0,de,Munich,"['Donsbach', 'ifp']"
09:06:17 17:54:58,probek,"""Unter den 18- bis 24-Jährigen versteht jeder Zweite Blogging als Journalismus"" (aus der eben verlinkten PDF-Pressemitteilung) #ifp #yeah!",0,0,0,0,de,München,"['ifp', 'yeah']"
09:06:17 17:52:31,probek,"""Respektlos, intolerant, käuflich … Entzauberung eines Berufs"" #Journalisten #ifp PM als PDF: http://tr.im/oP0J #Weltuntergang",0,0,0,0,de,München,"['Journalisten', 'ifp', 'Weltuntergang']"
09:06:17 17:50:14,bjoern,"""Durch Investitionen in Redaktionen lassen sich die Erlöse steigern."" #Donsbach #ifp",0,0,0,0,de,Munich,"['Donsbach', 'ifp']"
09:06:17 17:40:29,bjoern,Wolfgang Donsbach über die Entzauberung des Journalismus im #ifp in München.,0,0,0,0,de,Munich,['ifp']
09:06:16 00:19:04,phil_jackson,RT @MireilleM: RT @NoRestrictions Filmmakers please follow @ifpfilm they just launched their Twitter page http://www.ifp.org #film #ifp,0,0,0,0,en,"Los Angeles, CA","['film', 'ifp']"
09:06:15 23:20:10,MireilleM,RT @NoRestrictions Filmmakers please follow @ifpfilm they just launched their Twitter page http://www.ifp.org #film #ifp #filmmaking,0,0,0,0,en,Planet Earth ... of course!,"['film', 'ifp', 'filmmaking']"
09:06:15 23:17:03,NoRestrictions,Filmmakers please follow @ifpfilm - they just launched their Twitter page account read more at http://www.ifp.org #film #ifp #filmmaking,0,0,0,0,en,"Los Angeles, CA","['film', 'ifp', 'filmmaking']"
09:06:15 14:32:02,alexdemling,"@fscheidl ach ja, der vortrag geht um 19:30 los. #ifp",0,0,0,0,de,San Francisco,['ifp']
09:06:10 14:23:36,MsIFP,"#IFP is closed until June 15th - you can still place orders, but they won't be processed until #IFP reopens.",0,0,0,0,en,In the southern US,"['IFP', 'IFP']"
09:06:02 03:25:05,MsIFP,"June #IFP Pretty in Pink newsletter is up, along with the June special!  http://bit.ly/pOMZb",0,0,0,0,en,In the southern US,['IFP']
09:06:01 03:39:37,MsIFP,"Okay, #IFP-ers - the website updates are finished! Feedback is welcome & please let me know if you encounter any problems! Thx!!",0,0,0,0,en,In the southern US,['IFP']
09:05:31 04:44:17,MsIFP,@mariposabelle I'm always happy to hear that someone loves #IFP! And now I know you've been tweeting instead of hangin' out on sunless! LOL!,0,0,0,0,en,In the southern US,['IFP']
09:05:29 16:06:08,MsIFP,"I have 3 #IFP samples to give away! 1 moisturizer w/spf, 1 sulfur masque, & 1 Action-C creme.  First come, first served!!",0,0,0,0,en,In the southern US,['IFP']
09:05:26 14:02:03,MsIFP,Continuing work on the #IFP website - hoping that everyone will like the changes  - also hoping it will be finished by June 1!,0,0,0,0,en,In the southern US,['IFP']
09:05:25 12:58:57,MsIFP,Don't forget! Free sample of #IFP acne-control sulfur masque up for grabs! First person to DM me gets it! It's great as a spot treatment!,0,0,0,0,en,In the southern US,['IFP']
09:05:25 01:51:11,MsIFP,I've got a free sample of #IFP acne-control sulfur masque up for grabs! First person to DM me gets it! It's great as a spot treatment!,0,0,0,0,en,In the southern US,['IFP']
09:05:24 21:21:37,MsIFP,Thanks @kaffeineme! You get the sample of #IFP moisturizer w/ spf 15!!,0,0,0,0,en,In the southern US,['IFP']
09:05:24 21:01:53,MsIFP,I've got an #IFP Moisturizer w/ spf 15 sample up for grabs - first person to direct message me gets it!,0,0,0,0,en,In the southern US,['IFP']
09:05:05 09:11:39,TheFinanceCoach,"Good morning everyone! Busy day today. BNI lunch meeting, client meetings in the afternoon and the IFP meet this evening. #IFA #BNI #IFP",0,0,0,0,en,"Barnet, London","['IFA', 'BNI', 'IFP']"
09:04:24 17:45:34,cobusvw,"#ANC 65,27%; #DA 16,37%; #COPE:7,44%; #IFP 5,02%; #ID 0,97%; #VF+ 0,92%; #UDM 0.90%; #saelections - 70%votes counted",0,0,0,0,en,Pretoria,"['ANC', 'DA', 'COPE', 'IFP', 'ID', 'VF', 'UDM', 'saelections']"
09:04:17 03:51:36,NoitMarketing,#IFP http://tweetube.com/1zM - Noitworld Kickoff Promotion Check it out. Bookmark us coming May 09. On Line Resale is Fun Again.,0,0,0,0,en,Yuma AZ,['IFP']
09:04:05 17:52:29,eliungar,"Attending the IFP Producer's Series focus on documentary. So far, it's been a mixed bag. #IFP Focus on Documentary",0,0,0,0,en,Los Angeles,['IFP']
